[
    {
        "number": "51999321123@c.us",
        "idTemplate": "template 1",
        "template 1": [
            {
                "id": "1",
                "text": "Hola",
                "date": "2022-01-01T00:00:00.000Z",
                "type": "text-with-img",
                "img": "https://via.placeholder.com/150"
            },
            {
                "id": "2",
                "text": "Hola",
                "date": "2022-01-01T00:00:00.000Z",
                "type": "text"
            },
            {
                "id": "3",
                "date": "2022-01-01T00:00:00.000Z",
                "type": "img",
                "img": "https://via.placeholder.com/150"
            }
        ]
    },
    {
        "number": "51999321123@c.us",
        "idTemplate": "template 1",
        "template 1": [
            {
                "id": "1",
                "text": "Hola",
                "date": "2022-01-01T00:00:00.000Z",
                "type": "text-with-img",
                "img": "https://via.placeholder.com/150"
            },
            {
                "id": "2",
                "text": "Hola",
                "date": "2022-01-01T00:00:00.000Z",
                "type": "text"
            },
            {
                "id": "3",
                "date": "2022-01-01T00:00:00.000Z",
                "type": "img",
                "img": "https://via.placeholder.com/150"
            }
        ]
    }
]